<Schema name="New Schema1">
  <Dimension type="StandardDimension" visible="true" name="Artikal">
    <Hierarchy name="HVelicina" visible="true" hasAll="true" primaryKey="IdA">
      <Table name="artikal" alias="">
      </Table>
      <Level name="Velicina" visible="true" table="artikal" column="Velicina" type="String" uniqueMembers="false" levelType="Regular" hideMemberIf="Never">
      </Level>
    </Hierarchy>
    <Hierarchy name="HTip" visible="true" hasAll="true" primaryKey="IdA">
      <Table name="artikal" alias="">
      </Table>
      <Level name="Tip" visible="true" table="artikal" column="Tip" type="String" uniqueMembers="false" levelType="Regular" hideMemberIf="Never">
      </Level>
    </Hierarchy>
  </Dimension>
  <Dimension type="StandardDimension" visible="true" name="Vreme">
    <Hierarchy name="HDatumVreme" visible="true" hasAll="true" primaryKey="IdVre">
      <Table name="vreme" alias="">
      </Table>
      <Level name="DatumVreme" visible="true" table="vreme" column="DatumVreme" type="Timestamp" uniqueMembers="false" levelType="Regular" hideMemberIf="Never">
      </Level>
    </Hierarchy>
  </Dimension>
  <Dimension type="StandardDimension" visible="true" name="Opstina">
    <Hierarchy name="HOpstina" visible="true" hasAll="true" primaryKey="IdO">
      <Table name="opstina" alias="">
      </Table>
      <Level name="Opstina" visible="true" table="opstina" column="Opstina" type="String" uniqueMembers="false" levelType="Regular" hideMemberIf="Never">
      </Level>
      <Level name="Grad" visible="true" table="opstina" column="Grad" type="String" uniqueMembers="false" levelType="Regular" hideMemberIf="Never">
      </Level>
    </Hierarchy>
    <Hierarchy name="HGrad" visible="true" hasAll="true">
      <Table name="opstina" alias="">
      </Table>
      <Level name="Grad" visible="true" table="opstina" column="Grad" type="String" uniqueMembers="false" levelType="Regular" hideMemberIf="Never">
      </Level>
    </Hierarchy>
  </Dimension>
  <Dimension type="StandardDimension" visible="true" name="Kupac">
    <Hierarchy name="HIme" visible="true" hasAll="true" primaryKey="MatBr">
      <Table name="kupac">
      </Table>
      <Level name="Ime" visible="true" table="kupac" column="Ime" type="String" uniqueMembers="false" levelType="Regular" hideMemberIf="Never">
      </Level>
    </Hierarchy>
  </Dimension>
  <Cube name="Prodaja" visible="true" cache="true" enabled="true">
    <Table name="prodaja" alias="">
    </Table>
    <DimensionUsage source="Artikal" name="Artikal" visible="true" foreignKey="IdA">
    </DimensionUsage>
    <DimensionUsage source="Vreme" name="Vreme" visible="true" foreignKey="IdVre">
    </DimensionUsage>
    <DimensionUsage source="Opstina" name="Opstina" visible="true" foreignKey="IdO">
    </DimensionUsage>
    <DimensionUsage source="Kupac" name="Kupac" visible="true" foreignKey="MatBr">
    </DimensionUsage>
    <Measure name="Iznos" column="Iznos" aggregator="sum" visible="true">
    </Measure>
    <Measure name="BrojProdatih" column="IdO" aggregator="count" visible="true">
    </Measure>
  </Cube>
  <Cube name="Ponude" visible="true" cache="true" enabled="true">
    <Table name="ponude" alias="">
    </Table>
    <DimensionUsage source="Vreme" name="Vreme" visible="true" foreignKey="IdVre">
    </DimensionUsage>
    <DimensionUsage source="Opstina" name="Opstina" visible="true" foreignKey="IdO">
    </DimensionUsage>
    <DimensionUsage source="Artikal" name="Artikal" visible="true" foreignKey="IdA">
    </DimensionUsage>
    <Measure name="BrojPonuda" column="IdA" aggregator="count" visible="true">
    </Measure>
    <Measure name="MinCena" column="Cena" aggregator="min" visible="true">
    </Measure>
    <Measure name="MaxCena" column="Cena" aggregator="max" visible="true">
    </Measure>
  </Cube>
</Schema>
